ds,yhat,yhat_lower,yhat_upper
2019-01-01,189166.91776810764,131431.69409919504,248118.29448704075
2019-01-02,126112.13933266269,65423.36077574955,180996.12721101436
2019-01-03,131665.30198598662,69691.79359763785,190018.3429946123
2019-01-04,127925.18030819348,67374.8351556021,191746.38432018243
2019-01-05,149850.4134029336,87533.61888284326,205209.6009423063
2019-01-06,187932.39284902075,133392.40483667603,247663.96034601727
2019-01-07,198228.22400156243,137407.9540347445,253336.14835303108
2019-01-08,129492.67139606857,74605.60791508797,185397.18547593427
2019-01-09,70533.48709787728,8277.618823715862,129278.37461500478
2019-01-10,80751.81238452105,27363.548829191408,142925.5362530513
2019-01-11,81946.79875110857,21988.80385328933,139381.2130676702
2019-01-12,109072.22857489296,53444.76136144394,168968.33820660386
2019-01-13,152497.78579785608,92066.52495119399,210810.32384165213
2019-01-14,168070.54165596323,111755.30017999519,224786.77830380286
2019-01-15,104320.14226076617,47830.32199912405,164872.78256779298
2019-01-16,50202.394488635546,-5539.490204835618,107519.7579389365
2019-01-17,65196.32024702534,7365.694698378844,122511.24797972986
2019-01-18,70826.78639399874,14854.651699508313,132399.0064447457
2019-01-19,102079.88465405464,42627.07592619253,162154.12951849136
2019-01-20,149251.51350689554,88958.79845290497,208182.49117647472
2019-01-21,168036.0931983383,107143.29784448245,227433.17717601612
2019-01-22,106803.5099236211,47497.887013021296,167168.39284771605
2019-01-23,54729.320581079635,-1875.1180711694303,119209.25706402889
2019-01-24,71446.70835857357,11355.28347685205,130797.41814592044
2019-01-25,78285.30037775837,21136.07286323909,138986.00771452466
2019-01-26,110343.45961675319,50732.71178951706,169248.9413685464
2019-01-27,157922.3483391697,102554.8400297135,219913.230398328
2019-01-28,176640.103253896,122772.13129502899,241909.41237477332
2019-01-29,114778.86819428309,55687.605332051666,174845.16610858828
2019-01-30,61800.08806061027,1185.7928081918844,120479.40742956275
2019-01-31,77550.00882202918,17865.854903831885,136248.8428640453
2019-02-01,83213.52752528727,27415.614375410656,144245.20817008617
2019-02-02,114042.46492414988,52102.30848971844,173203.8658806231
2019-02-03,160374.42283605336,101677.08137431927,216366.8581280149
2019-02-04,177771.9856448473,120401.79885093332,239432.72608081804
2019-02-05,114439.66718141377,55242.54736250859,174743.87971489842
2019-02-06,60124.377799989656,-1099.236776109553,121230.15768632398
2019-02-07,74874.8036944276,18017.506345520487,130014.81623459286
2019-02-08,79710.86103290429,20393.157815149272,140307.38014585862
2019-02-09,110008.73923266493,48001.978364629635,169878.7023477066
2019-02-10,156105.5361864447,96115.39992244044,212726.74466368856
2019-02-11,173464.63573067443,114822.83820385387,228518.35000380804
2019-02-12,110163.85209853505,51148.985712789516,174676.0424575626
2019-02-13,56182.452726804375,-1273.30614562796,111554.46945611
2019-02-14,71715.86243293656,12783.286630572582,131541.14526643258
2019-02-15,77562.19308842639,20911.86287245145,137731.75250094448
2019-02-16,109165.51788879203,49264.31746129828,168603.5289751112
2019-02-17,156807.69787105097,99057.81687957127,216094.15917900857
2019-02-18,175801.26795046634,112932.73541513772,231836.6405131701
2019-02-19,114049.99944279584,56333.1942558508,173692.55873251148
2019-02-20,61723.559663364875,538.8078417709851,118718.91567117692
2019-02-21,79128.45871987613,22999.020179458388,138971.55148125495
2019-02-22,86812.39031264003,23556.14254515735,145539.2445038008
2019-02-23,120266.27682584745,65022.43413150639,180183.38505080753
2019-02-24,169703.62214213784,106258.36620605298,226708.95776472983
2019-02-25,190281.0333536889,127310.20699246506,250982.01206176056
2019-02-26,129731.12285010451,67525.72067859031,191900.68836093487
2019-02-27,78424.52730055428,16447.017221678758,138597.20178973663
2019-02-28,96796.63287759601,37864.88452287356,151555.277670383
2019-03-01,105169.09295069874,38469.573472085416,162882.98962733173
2019-03-02,139109.86010414117,80562.84088265107,201643.72190194292
2019-03-03,188799.15500292103,128719.4594317061,250369.1035422078
2019-03-04,209276.6138193574,150471.64442440472,270320.8557076426
2019-03-05,148145.44810454448,86111.96518132722,204297.68240222574
2019-03-06,96020.69907366263,31826.799656686013,158492.05297256552
2019-03-07,113510.6042813495,55274.01810536279,176231.0657481717
2019-03-08,120754.17155423203,61058.53464761963,182875.85235885493
2019-03-09,153438.1215784862,94137.53114195238,211642.95904807386
2019-03-10,201748.46685018827,138913.9301606504,261512.56884754743
2019-03-11,220643.37285444923,159073.0644407109,282254.54113459226
2019-03-12,157627.77832773517,98775.14273806268,217294.0093907451
2019-03-13,103587.21896070747,45591.533284250356,160873.91445098416
2019-03-14,119323.31509304782,62407.29185256811,177169.39125208248
2019-03-15,124807.03479978546,62036.40533009167,183482.91139041045
2019-03-16,155852.33916154588,95483.53266647567,212213.26084740227
2019-03-17,202653.32368789267,143365.51271324934,261234.47351535314
2019-03-18,220082.9019694392,164175.7647266151,282110.4243235042
2019-03-19,155538.1439355973,99558.45291876742,215345.1408858785
2019-03-20,100160.06345494725,39287.036764105134,158894.45504457204
2019-03-21,114923.74752922253,57229.280315422926,174452.35019970467
2019-03-22,119607.93836675785,56686.01751671014,184085.7860001203
2019-03-23,150126.09404684213,92113.82622941917,209812.61662292544
2019-03-24,196649.87666335315,143722.62696103242,257502.5271815887
2019-03-25,213934.48654549677,154639.0634220169,268875.16827405116
2019-03-26,149235.56986879962,91389.25428232829,209284.43570304677
2019-03-27,93915.8227242345,35232.18618014341,152640.5470692487
2019-03-28,109090.59471851845,48807.0384523624,169042.07897499422
2019-03-29,114314.58004054733,57226.06396856084,172819.60662206003
2019-03-30,145571.02537686776,88337.35878135324,204377.30600163448
2019-03-31,192982.2203605711,134809.8577942483,253913.68857683393
2019-04-01,211162.04806465964,152744.9878291299,265343.3503300853
2019-04-02,147204.9266365025,86963.44830025773,203148.73810248097
2019-04-03,92679.58529998617,33818.55239944928,153786.4563987788
2019-04-04,108830.38352803714,49393.09575545083,163000.89272506835
2019-04-05,114981.23507102739,56565.41274596619,173401.91278029722
2019-04-06,147182.97506652624,89227.17050252047,202098.3098187634
2019-04-07,195510.7491115467,140640.5302905388,255689.45596211206
2019-04-08,214443.5761637671,154850.68598883817,271041.575697416
2019-04-09,150925.02287614587,91462.30349755983,208683.51011070228
2019-04-10,96743.75851655322,39787.28918492717,157700.50691642065
2019-04-11,113290.13631155914,56202.72296952355,172799.30114135842
2019-04-12,119676.84592642036,59765.56346810421,179389.85104621283
2019-04-13,152043.86515136616,95706.5080659496,212897.05462489068
2019-04-14,200442.1763800866,144562.17152759287,258619.66613434115
2019-04-15,219239.74310852852,158712.26891893207,282595.305748187
2019-04-16,155253.32363625205,96181.98299480583,216297.57595859212
2019-04-17,100515.23001677287,41024.79308673764,162824.30335777128
2019-04-18,116584.63532940196,57659.198608140076,172867.6094595399
2019-04-19,122384.4525944211,61589.507427489065,183628.54042116593
2019-04-20,154163.42602273865,98046.30704851692,213621.7107448589
2019-04-21,201965.78937277666,145901.70816988088,257465.8137982337
2019-04-22,220063.3405195994,162370.25978889116,276297.3789816921
2019-04-23,155158.15045343415,93544.74397039479,212546.86786180304
2019-04-24,99535.35666172774,39655.43693602502,160074.90144669695
2019-04-25,114929.10148048405,56927.38415370322,178421.6072084631
2019-04-26,120075.615731938,57941.72827995094,175590.42626499906
2019-04-27,151332.4976196873,93556.66242307998,210643.96715829958
2019-04-28,198734.4259393817,143201.51275568482,260200.44233078836
2019-04-29,216444.84248089785,153759.11911609888,275708.31169369933
2019-04-30,151053.79339405402,91057.96898186563,214655.70313812338
2019-05-01,95088.10720572514,32707.669655919915,155456.92068961353
2019-05-02,110436.21840949924,51704.014484357314,165528.97837483799
2019-05-03,115639.82608129819,55260.47345333731,173419.9911753465
2019-05-04,147144.53748209495,87450.82114150473,207815.17626724133
2019-05-05,194959.23546224704,134922.49985317382,254294.29486287228
2019-05-06,213145.587578982,150037.98432305673,275392.7140080735
2019-05-07,148161.0054311601,94356.19035779427,206341.5320081307
2019-05-08,92738.29988176448,29497.29741682521,148255.045107236
2019-05-09,108899.14225886157,49003.54777393488,168605.53951906424
2019-05-10,114986.77720750753,52942.22024037161,176646.41003698623
2019-05-11,147518.20544212253,90176.50766394015,208679.62877544382
2019-05-12,196465.55738849627,138270.01500171053,257933.82370199967
2019-05-13,215770.1385793114,154758.91526688274,274752.2076496786
2019-05-14,151750.89905198166,87534.87925006132,211115.3518858913
2019-05-15,97337.77628099323,39480.4170115318,154192.14843448537
2019-05-16,114678.53732283156,56404.459536679344,172837.92776860538
2019-05-17,121912.59567410569,59388.82739175877,180247.63037476823
2019-05-18,155624.75246335182,91265.08560402857,212474.16801207306
2019-05-19,205748.5675806721,144919.4622300022,264662.1177158743
2019-05-20,226104.90726813258,166979.99566221904,288299.3056029948
2019-05-21,162875.86699474827,100779.07139473742,225606.99697300102
2019-05-22,109185.18310096637,47642.180157362025,167962.3319359099
2019-05-23,127315.8222089266,66312.54852104366,187829.64560975792
2019-05-24,135211.34474941972,77809.86848956616,196301.01955828848
2019-05-25,169524.8379030372,109725.56816290505,231779.3504157374
2019-05-26,220158.1591563432,160826.30918477752,280265.40027379134
2019-05-27,240835.03409289106,183730.87183691154,300232.82658651704
2019-05-28,177639.13876217278,121191.49661632741,238316.75239597002
2019-05-29,123882.67787924068,64012.3920905442,177565.55158321874
2019-05-30,141951.58309882862,79503.9563957424,202699.54739175987
2019-05-31,149638.36672196185,85864.90543692789,212200.56980236265
2019-06-01,183668.44847820114,122325.62059140173,243363.83721243986
2019-06-02,233930.50058540798,174215.96558973964,290879.7086553624
2019-06-03,254069.2892770161,195114.7985241668,314300.1474278927
2019-06-04,190076.92804634845,131229.15989127773,248551.48527118468
2019-06-05,135449.90591603544,75339.01802303267,194972.9324025945
2019-06-06,152701.90660750674,92954.3549441682,215254.44779047882
2019-06-07,159484.8862022402,98995.20177224795,216371.29489423474
2019-06-08,192606.1933534796,133968.7160186447,255312.26127430634
2019-06-09,241949.86506551105,182066.92258986106,303945.88035217056
2019-06-10,261089.07026539958,201699.09713209563,321490.26267022686
2019-06-11,195930.40398764372,136219.75577447144,255708.48958680028
2019-06-12,140159.2504099745,80160.5699395968,199734.98171318037
2019-06-13,156420.1252439099,98398.34982931244,214862.43597886784
2019-06-14,162213.19285367886,102509.21193385014,222904.3663276451
2019-06-15,194435.206167873,134055.35406694782,252825.68189993082
2019-06-16,242959.86207513462,185417.21158910208,301972.87288893637
2019-06-17,261295.9034695991,199758.62631663884,317489.34431224334
2019-06-18,195287.47323661234,135700.19278954485,258657.04078478864
2019-06-19,138777.76168098353,78364.30087439771,194190.3693365765
2019-06-20,154497.22297233902,95284.50004345541,209535.8583057488
2019-06-21,159844.747559722,101056.02238415035,220554.35182768136
2019-06-22,191756.73329555523,131701.49526640045,249728.01969480203
2019-06-23,240094.03547463534,183976.49478306607,301624.0509829564
2019-06-24,258303.0502546266,195998.00820511917,321867.63657897024
2019-06-25,192153.64270256026,135345.17704721703,249094.89826209313
2019-06-26,135606.174044507,75956.75633701902,196103.40443892326
2019-06-27,151465.80334094257,87155.49609258481,217401.86204293306
2019-06-28,157014.7615563845,98259.39337500608,216686.8662762896
2019-06-29,189227.5121813456,132588.9405560936,247975.90690021848
2019-06-30,237940.3752357002,177781.08033159707,295757.18138073705
2019-07-01,256526.8478268823,197645.62224280223,314892.6835814822
2019-07-02,190673.35745620893,136766.24554716185,248825.97402153586
2019-07-03,134449.89341520373,76569.54793959962,190847.4684014232
2019-07-04,150730.58445363346,89133.19170074159,208669.6908014462
2019-07-05,156677.22561062465,103691.58911135962,215706.7060278816
2019-07-06,189300.63451436255,128060.53858683801,246803.93931406894
2019-07-07,238413.00632729853,172788.194354264,294928.7042581849
2019-07-08,257298.52628543432,197706.61976147373,317366.2222662756
2019-07-09,191593.4298005262,136477.30570011894,251198.33173209836
2019-07-10,135481.7993729823,75411.94888340005,194807.74962063693
2019-07-11,151894.4827913717,89484.12453537334,213587.0232667478
2019-07-12,157897.3654675347,97808.8767124667,218353.3291139467
2019-07-13,190534.92342008182,131714.11816735342,250970.95953849377
2019-07-14,239607.0311892303,179904.27366506154,300335.1183324669
2019-07-15,258383.50549944886,198157.79753072132,316405.7059808293
2019-07-16,192449.37900444283,133172.510123171,255665.43690350273
2019-07-17,136069.9319079739,74947.63834862203,197084.83570248127
2019-07-18,152234.11864364127,94675.89573782578,212782.3699297424
2019-07-19,157952.5619069612,95395.84642161928,217104.3624567822
2019-07-20,190309.666591798,126853.72069411047,250225.87986105276
2019-07-21,239108.71484436936,182878.73642338614,302934.05086018704
2019-07-22,257594.48769255992,195865.76579968844,319189.33170025534
2019-07-23,191320.83392602557,132220.2468313296,250087.6745802236
2019-07-24,134638.09119136812,79525.92415790715,189078.5613043568
2019-07-25,150594.8217628863,93207.86399383536,208753.39063584962
2019-07-26,156145.44770163545,96515.07571858929,215369.30058020525
2019-07-27,188410.91379610688,130518.56696956018,244934.74901330244
2019-07-28,237192.128345288,177136.10752564197,295530.09916532715
2019-07-29,255700.79182091728,199272.50999718893,314270.19614661654
2019-07-30,189449.45832987133,129149.85559353765,246186.7503209481
2019-07-31,132855.32300979333,71416.00462039199,190545.43938040143
2019-08-01,149017.91318777206,88869.57330354833,213438.4465377684
2019-08-02,154822.40685858388,96388.03645329042,215654.9659125514
2019-08-03,187405.51587144975,129175.07262595615,247999.81776512842
2019-08-04,236548.9135264984,176906.37634005028,296122.98378556565
2019-08-05,255426.87515994985,197319.44954699647,314847.0351808769
2019-08-06,189518.37669778726,130686.39164122155,248582.21932377736
2019-08-07,133282.8216978569,76278.94752884061,191091.13585877628
2019-08-08,149821.00372572444,91688.13730501937,208247.88262263697
2019-08-09,155964.90519522186,95937.0616988844,220899.88717883243
2019-08-10,188852.56034954576,126553.52133746122,248075.53741286453
2019-08-11,238246.06261576343,181638.86096481816,296557.4521137337
2019-08-12,257284.53248961116,199713.7689680623,317170.52948322095
2019-08-13,191409.74631879554,135768.38178241585,250128.20997284062
2019-08-14,135113.17636007414,75310.78897625483,191987.17140005238
2019-08-15,151515.69912398723,92743.70449586435,211588.05214782406
2019-08-16,157405.72367576606,99953.62179888334,215312.95745487773
2019-08-17,189934.94014013725,130953.90583649477,249529.3552901411
2019-08-18,238860.63200699206,180505.93554669633,295458.0069252317
2019-08-19,257303.6205164531,196486.77864075112,318809.63892347045
2019-08-20,190687.00535873108,129886.24143872561,251552.09464354068
2019-08-21,133554.04251962496,75915.64277818361,194109.94424139964
2019-08-22,149066.07890944587,90285.64125802947,211400.28302061255
2019-08-23,153988.4597192148,93054.53628908948,207484.46191516274
2019-08-24,185506.59757402405,126421.4661746163,245131.71234281777
2019-08-25,233392.02420374306,173612.0737415216,293952.52744102705
2019-08-26,250764.7635395071,190727.98932895562,311389.05353470764
2019-08-27,183044.66873291176,124467.0569587255,240679.70855480063
2019-08-28,124839.66868839716,66058.49414386759,181682.6783952632
2019-08-29,139361.52430075037,77021.69236252517,198117.61623555975
2019-08-30,143359.1864360645,80156.24490979781,202120.37029008847
2019-08-31,174054.93686868675,118140.92083128057,234269.14989750585
2019-09-01,221234.0313341962,163062.38726231552,279117.5800553043
2019-09-02,238011.44960168458,179541.8720773162,300616.4716213484
2019-09-03,169795.88065898366,110950.79682309074,229906.93634989148
2019-09-04,111248.49315510948,51327.91263132743,170224.18354570348
2019-09-05,125616.77047824851,61146.878641898,183471.40058004673
2019-09-06,129615.66954128633,67147.39504390699,186149.38974914947
2019-09-07,160484.27089992457,100989.13363030281,219514.79241392657
2019-09-08,207999.52485944258,150006.73036122823,265443.82039294357
2019-09-09,225247.95235505403,169504.68800583004,286123.5739844347
2019-09-10,157602.89789815774,94604.53128790279,217282.59685868892
2019-09-11,99754.47239471925,42462.89327497025,154916.08669469264
2019-09-12,114962.12620306964,51944.79869615478,175006.12465428948
2019-09-13,119884.25974974752,66989.5989438061,176628.57951057798
2019-09-14,151756.0069132643,93211.51778745616,214644.91916103885
2019-09-15,200327.66299523227,138362.24800435858,262566.0150103243
2019-09-16,218641.85255274028,159305.77190017476,273978.07005824463
2019-09-17,152024.48850203448,93102.79163898528,207829.19616364472
2019-09-18,95186.2328704936,36366.75894224909,152221.3579174138
2019-09-19,111394.05083953656,49919.99552365327,168093.6187015346
2019-09-20,117249.40507905345,56924.48942145085,178023.78725707636
2019-09-21,149987.18682248986,91627.11809860956,209562.5795843556
2019-09-22,199338.72242303597,137973.06819509977,259861.34379669247
2019-09-23,218314.1880155689,162687.0378808855,278306.39350954787
2019-09-24,152206.94171053858,95779.05333469008,210710.24316083957
2019-09-25,95766.0669337768,34244.72869217095,154359.52857108702
2019-09-26,112286.38072082911,52610.89536629603,167503.72851796343
2019-09-27,118334.60734245388,59279.626096092616,178614.4903656624
2019-09-28,151168.7918867983,89774.4091991844,208842.45305805883
2019-09-29,200525.17991498718,140861.63481996037,257888.50643356456
2019-09-30,219405.15236754064,160368.7191938586,280890.1038721482
2019-10-01,153092.2058140638,93640.85593671631,211649.59946010535
2019-10-02,96394.87555488019,33254.7227007704,157172.33275934536
2019-10-03,112654.54005204009,54850.161207964986,173949.80963506433
2019-10-04,118418.98059773451,59349.31104711075,183637.00378639434
2019-10-05,150981.7681038043,92733.48842414707,215089.2587470054
2019-10-06,200092.60734273162,139428.9717534571,259397.38406788526
2019-10-07,218748.49850123542,161046.4394144872,277247.3821288732
2019-10-08,152223.19776490305,89449.88197365886,214073.68149674844
2019-10-09,95380.48433832705,32861.183993146275,156586.96289445684
2019-10-10,111599.86714342372,50141.27485489239,173458.87143434706
2019-10-11,117397.76651396372,57498.357126281786,174869.58558562363
2019-10-12,150087.24306388086,93100.56456435975,207014.8715860674
2019-10-13,199412.3038461963,139620.97500531387,258925.0227469183
2019-10-14,218343.89770020082,158146.7001078846,277141.503096488
2019-10-15,152122.5552065975,94731.45223749787,214547.12896909
2019-10-16,95642.75928983117,35654.84123811679,157768.3453914741
2019-10-17,112297.38804484886,50938.13267697877,170438.65256161752
2019-10-18,118547.40118709701,59321.64660335118,176084.30258271587
2019-10-19,151702.7437892674,94182.08220355921,217299.8780756447
2019-10-20,201481.46777828023,144975.93612831252,260038.8002666757
2019-10-21,220811.3484859052,164391.5584565703,282864.9129762299
2019-10-22,154886.41833156918,96883.78287853322,218288.67029707826
2019-10-23,98623.06043332092,36638.00266003057,162362.7940838291
2019-10-24,115423.69634970243,56235.3599915662,173049.703757681
2019-10-25,121695.32795708167,65699.04430600381,180405.56733222952
2019-10-26,154751.8263847198,94619.59161828425,214998.11588540763
2019-10-27,204297.91099864483,142285.664324068,258230.55269283266
2019-10-28,223236.25761885478,161808.78711816214,283901.01444645686
2019-10-29,156737.62276876805,96588.18778250097,212815.71951272132
2019-10-30,99768.18652108838,41553.55234984431,156726.25266531136
2019-10-31,115771.8487735596,57462.44667623341,183124.3542383634
2019-11-01,121136.84032877341,64531.99908995022,181750.62474231533
2019-11-02,153218.47902365445,94610.19326674391,212105.0934635635
2019-11-03,201746.97723682853,138638.26242775822,263184.76382317155
2019-11-04,219638.92853868334,158546.49395204685,277044.6300516528
2019-11-05,152079.85289390976,95871.42040235424,211515.10380781782
2019-11-06,94121.59320713715,32048.650211461343,149539.86952787737
2019-11-07,109282.03370883896,52277.492198275984,169598.43139528568
2019-11-08,113958.6358228801,52333.79555209728,171740.26886056864
2019-11-09,145570.58815923522,87630.67320077201,202297.01539965067
2019-11-10,193889.4798641518,136632.33184924253,254559.5035086542
2019-11-11,211854.33811485994,153322.1655860973,271823.0753497344
2019-11-12,144665.9315084023,90306.42470217317,201885.02450262333
2019-11-13,87453.74596319706,24178.615052760942,144184.42181615782
2019-11-14,103792.85956233315,45233.083354638766,165284.92173340224
2019-11-15,110064.358589866,45934.87916973633,169138.53048913952
2019-11-16,143717.06823114745,80959.2114230804,205455.29998612552
2019-11-17,194521.51227069864,136463.6960627178,251943.7564570644
2019-11-18,215389.15299570598,154032.90587366777,274962.9414411688
2019-11-19,151479.32570342312,85321.00400385715,209987.60899873349
2019-11-20,97936.8729889826,36761.409880290434,157911.79766604735
2019-11-21,118327.44002254067,54506.74362259711,177397.4810012725
2019-11-22,128946.19316629201,69600.67682925597,186951.37705264648
2019-11-23,167200.6809544921,106247.17955313784,226739.0033536087
2019-11-24,222789.7215333955,164200.43764621156,281413.6364107808
2019-11-25,248528.53957787488,185311.87190607624,305907.69035926636
2019-11-26,189470.03894431153,130235.060295814,243740.62289671812
2019-11-27,140714.77262413915,79527.51346796208,196917.69720010023
2019-11-28,165766.26356632807,99842.28807518104,219768.78954691484
2019-11-29,180789.51731670645,123203.18476343757,239324.29230861657
2019-11-30,223116.35158681704,161519.73361630132,284282.7022460577
2019-12-01,282350.3598221736,220528.53435053694,343745.4751140383
2019-12-02,311198.8711676266,256059.971365087,372658.8736009
2019-12-03,254609.23700460567,194249.80126638667,316891.08405628626
2019-12-04,207651.5399968751,142573.5735385337,268579.51002462656
2019-12-05,233794.05559739564,175512.7607895116,291920.9709402771
2019-12-06,249111.37663593283,189479.10414057967,309608.03936671314
2019-12-07,290911.73023782327,233112.5810902935,348000.8655970831
2019-12-08,348767.2423756655,292470.6980996106,408239.35742877156
2019-12-09,375351.6644499831,310279.5030864036,432558.789958174
2019-12-10,315590.35564001714,258445.0933959132,375800.2035187352
2019-12-11,264614.1775211659,202176.52487434077,322625.7386509843
2019-12-12,285953.339623849,229115.0555907891,341667.35511340585
2019-12-13,295693.213880254,239213.5681653232,355521.116857373
2019-12-14,331221.59347613296,273773.332503137,392452.5966085492
2019-12-15,382182.13526230335,323413.05039096734,440309.18364544876
2019-12-16,401315.7001430885,338427.9484643748,459525.87438291917
2019-12-17,333621.8980222913,276256.9596507139,389379.6998336142
2019-12-18,274382.1036811465,217024.19961252884,330107.9285107722
2019-12-19,287269.73919350427,225645.14275744278,343469.9471106258
2019-12-20,288451.99392743537,228286.23399512676,349171.2167597025
2019-12-21,315455.44634144806,258313.80825667348,377225.22870770283
2019-12-22,358041.34840740985,300311.97413455136,419009.08279575966
2019-12-23,369049.5194569234,311135.3221941927,430816.1163520672
2019-12-24,293570.69494362816,235910.65128235248,353944.7819146251
2019-12-25,227038.2254749676,166425.24176825484,289667.37694789254
2019-12-26,233254.69032159055,175910.2867139799,292315.2297773449
2019-12-27,228439.75352885583,168772.0554747603,289202.5351370094
2019-12-28,250214.71133891327,190740.52304078263,311970.5418790349
2019-12-29,288400.5018079879,226315.4747673416,350697.53858417145
2019-12-30,295865.33633899246,230250.63749949416,358078.78551126004
2019-12-31,217709.31109762186,159348.0138842819,277550.33099192375
2020-01-01,149426.48972971315,88715.98189911955,206880.90479157737
2020-01-02,154849.7516148832,93117.62324294786,216871.85031186196
2020-01-03,150146.84743181663,90221.93736524007,208775.3777627478
2020-01-04,172926.04828436687,109737.80420030784,234119.21207747277
2020-01-05,212959.1196740773,152132.36483064995,271924.0578901935
2020-01-06,223034.94199102445,164637.04155715785,283575.7090077904
2020-01-07,148158.596869906,87713.21287914933,206185.68114953573
2020-01-08,83785.9568666132,22320.537872246878,146460.28560926934
2020-01-09,93688.75502376753,32325.431542484297,153080.47101901306
2020-01-10,93900.645454368,31565.03675333424,153215.58292321756
2020-01-11,121945.53897906504,66526.1838565045,184063.93015424922
2020-01-12,167486.87111715437,112500.67022005733,229193.9384043784
2020-01-13,183188.25796097555,125194.97794432446,239886.7604114734
2020-01-14,113927.79937179755,56334.01657543706,173819.57440996746
2020-01-15,55105.59906250008,-5222.844612544041,115991.67749477144
2020-01-16,70429.15421913973,16147.001054241658,130894.38167910617
2020-01-17,75809.1965667946,15030.999274776746,133567.95412565966
2020-01-18,108710.17561730956,53691.80630287097,168281.99518474776
2020-01-19,158724.98399734212,102339.28230515997,221775.5577062367
2020-01-20,178441.53735004665,116926.67111367112,236056.2145007512
2020-01-21,112670.93791046282,51865.74804128727,173599.81866175134
2020-01-22,56826.3584057989,-3031.7898373517446,116681.37112500038
2020-01-23,74627.01458838144,13013.520616744228,131718.90345437507
2020-01-24,81941.92212705585,24273.851605259693,139399.39672596054
2020-01-25,116260.5809059072,55744.736633649896,176552.55484313137
2020-01-26,167191.17610373307,109438.52418575442,229569.86450145376
2020-01-27,187331.1125848224,127285.25993110641,245558.3035714186
2020-01-28,121507.12742670033,60865.04786635897,180266.23873262978
2020-01-29,65223.72831203949,6462.401531899159,125891.79244104678
2020-01-30,82284.08257799843,21815.7073893673,140765.6323441699
2020-01-31,88580.20320413761,27209.91084481884,149231.35124241834
2020-02-01,121682.55889207522,57968.01168090727,182129.38192747725
2020-02-02,171260.7132232769,108693.72686205803,229170.96418370868
2020-02-03,189957.033381007,129009.26700844437,246304.7749291608
2020-02-04,122638.24233491988,67876.75637612815,182505.05100493194
2020-02-05,64913.17978242001,4298.996980542188,125151.73929648519
2020-02-06,80670.65273375162,25223.064468312605,138281.18174761426
2020-02-07,85816.36545170633,27818.49744914192,142943.44048073847
2020-02-08,117982.02644642998,56341.27448572624,178413.86868080022
2020-02-09,166869.23346786614,110592.52811447442,228211.31489847656
2020-02-10,185127.3759739698,127203.7865650925,246377.28159492064
2020-02-11,117617.828293168,57188.03816774183,176461.2353503642
2020-02-12,60002.38277726876,-1734.6299731828094,115834.50868820373
2020-02-13,76199.52335463477,16415.602799228556,134504.12958023354
2020-02-14,82069.63411504285,23819.70742565301,143606.29233867256
2020-02-15,115245.17166310977,50906.42040228454,175135.8541554888
2020-02-16,165399.3586033537,105722.9752714423,223383.20287137455
2020-02-17,185129.79816412614,130872.38902389738,245017.74585762148
2020-02-18,119236.745976983,61189.554859781325,179845.57989161738
2020-02-19,63383.53861687598,3942.4632632852013,122466.00007818577
2020-02-20,81472.46877454023,20201.18540812156,144560.51825658572
2020-02-21,89279.28087661766,29593.442578577033,149603.75276853543
2020-02-22,124405.22603540655,66040.37899394557,183559.641509402
2020-02-23,176471.17452667543,118984.64344693272,237595.89849436385
2020-02-24,198007.33630412183,135263.9324393,260901.55640263733
2020-02-25,133745.78404556552,72356.69221425407,191483.48417304005
2020-02-26,79352.82999549806,22444.798236413568,141043.2760600318
2020-02-27,98724.24278435344,40468.78917084103,160270.75823715076
2020-02-28,107568.569337483,47798.637347904114,167423.75155498466
2020-03-01,196059.2311231303,135112.78183150102,256863.14747585633
2020-03-02,217804.06842107183,156612.79787855886,273579.5766109411
2020-03-03,153419.42233067597,95134.70625059033,210922.53650235158
2020-03-04,98618.357332006,36666.5247364145,155571.91742524054
2020-03-05,117335.89091909278,56294.46955629129,175023.54826822184
2020-03-06,125259.93593587972,68272.0215196719,184831.03573982156
2020-03-07,160024.63818585838,103273.56108204217,222931.70045757573
2020-03-08,211252.5608425226,153750.29511071098,269825.03652880085
2020-03-09,231453.64487176924,175901.96285673985,288543.8209580365
2020-03-10,165343.13743114387,107228.73606945341,222881.25487797905
2020-03-11,108714.72458320214,49538.783129243806,172157.03392308438
2020-03-12,125571.32734030107,64848.46000049842,187567.6154083995
2020-03-13,131603.08639499705,70846.69556725644,187679.1909393333
2020-03-14,164500.32825565594,105809.20000563539,223713.2229423556
2020-03-15,213918.96171763088,155052.35853115114,274821.77212650713
2020-03-16,232383.43880718134,169682.6108448866,291184.1774739071
2020-03-17,164616.98066633006,106639.25090415086,224020.28799038226
2020-03-18,106484.90129563899,47116.986454884274,164600.00642854016
2020-03-19,122043.22295346149,62510.88473656201,180831.85880186924
2020-03-20,126964.23161859492,70340.277769381,186070.50690012696
2020-03-21,158969.71658133168,94880.5681165374,213883.33010839624
2020-03-22,207720.31961120202,147188.22172498767,264206.09246512834
2020-03-23,225723.31262072898,163965.273044824,284585.74645122665
2020-03-24,157675.9884603715,102848.52678106264,217631.42176919937
2020-03-25,99480.07268306929,37484.16472763889,158742.87452026614
2020-03-26,115209.0583897982,53223.07103911823,172928.90511942012
2020-03-27,120482.21340404438,61832.553140074284,177028.20306419244
2020-03-28,153018.93742104887,96655.80838559166,212609.98126034217
2020-03-29,202452.84638659938,144269.94957586649,257359.22649146154
2020-03-30,221245.07142135428,161637.96590978542,281991.3301483229
2020-03-31,154041.42796582333,91527.44883332246,212446.0511797823
2020-04-01,96758.42398822008,37426.367826933645,151574.32453095555
2020-04-02,113469.70696640249,52171.60173800557,174425.19234665594
2020-04-03,119728.79731217334,61092.04139484043,178655.55579433448
2020-04-04,153244.7160045267,92978.41392722078,212252.56343515805
2020-04-05,203620.8336261754,143901.46542958065,263633.0429662149
2020-04-06,223273.60359485622,166698.59585626418,285789.3527656985
2020-04-07,156803.31066639844,99446.63566232762,215209.473470676
2020-04-08,100151.37467075573,43085.36833112761,160649.85776731232
2020-04-09,117405.51804448527,57756.52927734398,176949.27094456437
2020-04-10,124070.75654644378,67808.80580632408,187267.95389812064
2020-04-11,157865.7657476142,99341.99926792314,216209.81370223337
2020-04-12,208385.91612981074,147927.56363400002,270754.18781829823
2020-04-13,228026.83300533012,170976.29133242086,285399.97419026884
2020-04-14,161368.09442420982,102231.99612661092,219043.0396762382
2020-04-15,104401.21555324901,47818.98869554116,166015.07674843885
2020-04-16,121252.93016401038,66224.8182176798,180524.126439254
2020-04-17,127403.85821274586,63980.04432025932,192194.24099734076
2020-04-18,160605.08642021005,98515.01397183709,221352.01862846
2020-04-19,210464.9079420589,146896.07413062765,271591.8218925724
2020-04-20,229376.7906149873,170016.8484551522,288205.2885720372
2020-04-21,161915.6937447646,100515.48830333671,221241.30736587904
2020-04-22,104136.46175009383,46796.04145340842,169423.2137803258
2020-04-23,120215.02166501363,56912.35750029281,179929.23316606483
2020-04-24,125614.61499576636,63785.96550227633,186239.4600919086
2020-04-25,158122.5650566434,97938.25999582592,217428.38103404612
2020-04-26,207360.75539168715,150775.54090249442,271466.075727543
2020-04-27,225718.11747385198,171899.66584260968,285178.58973232703
2020-04-28,157759.7313800358,96688.24132004273,214037.85969048546
2020-04-29,99595.85805057305,42277.59745546989,159220.95672230356
2020-04-30,115441.32352657904,53153.229855225974,170258.9516835394
2020-05-01,120729.62465316804,64677.81986520275,182796.25950107267
2020-05-02,153270.22105281267,97888.14237495432,215054.21482016385
2020-05-03,202683.10911232993,139176.27532118268,260970.04041353698
2020-05-04,221336.19569178455,167662.10778412383,280183.69297626073
2020-05-05,153767.5502426768,94033.04390365754,211703.0715358171
2020-05-06,96125.43612011443,34552.74706879795,158004.28946859002
2020-05-07,112648.38908116301,50964.7747125029,174531.35848073178
2020-05-08,118721.27025146806,60550.427429298215,178597.10646798657
2020-05-09,152160.97606312056,93250.21740062196,209910.5289802312
2020-05-10,202571.07448941603,139995.4176621414,259548.97750795505
2020-05-11,222280.7255047268,160795.1029817287,283415.213448641
2020-05-12,155780.09909191413,97611.67244331144,212433.22825835715
2020-05-13,99252.23619154263,40853.66059666828,156435.73782444518
2020-05-14,116955.99382386968,58108.21834609102,179215.85716670816
2020-05-15,124213.38421825694,63998.12552447703,183489.33731701729
2020-05-16,158846.34575501631,102163.7918632447,214312.48406629628
2020-05-17,210435.79769535718,150308.12162929095,267998.0635216352
2020-05-18,231267.14811374212,173092.71409083027,288149.07803459757
2020-05-19,165782.98502237562,105317.40771299097,222946.2021920346
2020-05-20,110207.46104208128,53917.56728165049,172694.44379405357
2020-05-21,128823.16399035706,73521.6708348367,187567.760536384
2020-05-22,136890.94636987467,78327.61342247426,191878.37035599785
2020-05-23,172243.9058721514,109867.68518810555,232102.5288152954
2020-05-24,224447.78463971431,161351.45603127574,286513.91649010504
2020-05-25,245752.93113381838,185349.510021308,305390.1117756815
2020-05-26,180564.1222505972,120616.91206793473,236669.87017031084
2020-05-27,125157.32261179441,65964.78841356699,183601.8858555294
2020-05-28,143850.32584848246,85220.57077085951,206822.35142832866
2020-05-29,151854.91506599847,92078.83026203778,209897.40191193038
2020-05-30,187030.63013594772,128210.38106172133,250029.41051984942
2020-05-31,238939.64467435193,183492.09242078324,296733.17152432486
2020-06-01,259808.82891875296,197587.26231005168,315294.8226442257
2020-06-02,194013.41868784567,133321.58752306632,250416.44367511396
2020-06-03,137897.10858858106,80823.46686174025,203212.36454877257
2020-06-04,155831.2541411315,97769.74655444294,215897.4860850396
2020-06-05,162984.83450507224,99376.17475302577,218528.99836113292
2020-06-06,197253.29380268173,139279.74301440243,256999.16810802394
2020-06-07,248207.57516779093,192054.51634655523,308368.385542922
2020-06-08,268056.56688594306,207355.20429411318,322937.21413255343
2020-06-09,201152.718117808,138767.73245300743,259245.29737413302
2020-06-10,143920.5857289076,87450.37995393403,202750.4271391554
2020-06-11,160790.65081103318,102190.6846375749,219011.87606717643
2020-06-12,166889.32394067734,105528.75145636407,226779.14020200534
2020-06-13,200152.46125170775,141462.8124230187,264018.9548209142
2020-06-14,250157.8186474775,192177.575152669,313256.4101997954
2020-06-15,269094.72007260716,209662.9387149175,324701.8130047131
2020-06-16,201289.50810265337,142897.50408200498,264084.8300828321
2020-06-17,143242.57179580344,86928.77120070976,203341.1198040268
2020-06-18,159436.83780580095,99606.16275936979,217659.57572745503
2020-06-19,164947.91209225365,102750.09047022465,223795.91790367453
2020-06-20,197742.39851991038,137901.63502735645,257892.89529821323
2020-06-21,247393.93417128554,185151.899107019,307263.0861799522
2020-06-22,266061.38287305715,202792.01904261782,325251.03812955733
2020-06-23,198030.44204223726,141215.30516743715,257495.78953167447
2020-06-24,139863.99043079934,80590.53374533623,200821.2145586578
2020-06-25,156084.79641510223,96669.39341185891,217251.42833760142
2020-06-26,161702.9601492773,102999.32548991288,221123.0914764017
2020-06-27,194703.03179144333,136368.12264083544,252937.2771152602
2020-06-28,244641.4837396257,186885.54525417413,300823.76968738425
2020-06-29,263630.8581208345,200517.4267046602,320209.24222493346
2020-06-30,195905.94166798407,135446.6653101709,255658.75457570594
2020-07-01,138085.0328985406,76076.18710219508,197722.83434295433
2020-07-02,154723.2694009983,96548.78306023465,211418.0896513499
2020-07-03,160757.26380928495,101053.23281069775,217663.9460660168
2020-07-04,194185.44364820304,134520.74161863443,249418.06905802814
2020-07-05,244544.51423122262,183095.55970342256,303158.7735983323
2020-07-06,263901.70559548575,205637.75889347034,324816.68871114845
2020-07-07,196442.16659712716,133524.36904563248,255680.2015400959
2020-07-08,138843.8640788794,80995.65224187249,199627.85079671486
2020-07-09,155700.60959519743,100175.42530062377,218487.58386304107
2020-07-10,161883.74017337308,100040.56352682391,218991.5997166452
2020-07-11,195415.47803275782,137398.4810769457,253371.66414138762
2020-07-12,245824.1336224803,188383.8815086161,304705.1913738063
2020-07-13,265144.1581369025,202229.00645260458,320491.32269219955
2020-07-14,197524.42644346834,136792.2206779089,256751.2343184267
2020-07-15,139716.4094041409,79350.81775379332,196582.35366804947
2020-07-16,156366.55622773958,99483.58104110275,216930.217712735
2020-07-17,162294.532038101,105043.09154284302,218846.05381391654
2020-07-18,195559.3269295291,133941.99175592713,255839.40673661925
2020-07-19,245692.76571496407,186653.97664568547,306495.8677631643
2020-07-20,264706.9730557519,209801.04687369592,323398.5803206845
2020-07-21,196723.22442165378,134122.5849057973,257002.59771341342
2020-07-22,138573.35392367127,75362.43554651014,197522.62116350394
2020-07-23,154961.04240047612,96250.06326029808,214225.5217971561
2020-07-24,160656.37981792618,98930.80130623521,217061.16742430106
2020-07-25,193754.82764410833,133555.82968580117,251444.6106904365
2020-07-26,243788.84359306653,184974.97632692408,304270.6257731073
2020-07-27,262742.8596646388,205492.7498103749,322326.28866389504
2020-07-28,194702.8635289022,134858.09417425375,255252.69916559712
2020-07-29,136571.23611833333,76630.69274505792,197881.70666617097
2020-07-30,153097.10554883775,97602.83734920462,213235.7206893784
2020-07-31,158987.53515857286,94818.87692808644,219818.6052456982
2020-08-01,192359.80770828077,133852.02314353865,251838.68127904428
2020-08-02,242731.5341486808,177431.6546686266,304231.43583868747
2020-08-03,262043.59048609925,202617.4352893898,321108.2186729104
2020-08-04,194330.89686468276,131197.77033458976,256665.56651027862
2020-08-05,136551.16053750616,80226.77278649263,196247.87553965478
2020-08-06,153484.76600388982,96557.72561002422,214014.25991785474
2020-08-07,159763.04013131486,101861.86196623032,216988.85480456098
2020-08-08,193514.2771759014,129295.05245405654,251097.19842810332
2020-08-09,244232.70533374674,186191.39813023695,302355.6816497635
2020-08-10,263809.69905544014,206074.43399638767,323395.63946838304
2020-08-11,196226.00496575978,138029.6266192113,251787.37456905228
2020-08-12,138494.56308297947,76440.47723333212,195274.21876490678
2020-08-13,155430.02322148145,95781.98806134087,213199.6639335787
2020-08-14,161594.08997665142,101787.38240245976,220671.90639833422
2020-08-15,195135.20194244102,135246.02712206444,254454.001071904
2020-08-16,245536.18075060248,187441.8485708013,304980.5465654494
2020-08-17,264653.45798299904,204872.91437204974,319135.53892361064
2020-08-18,196430.4070872361,136106.03766010137,254532.15968418095
2020-08-19,137953.83019697978,81382.88744628947,193221.41830554206
2020-08-20,154092.62675631122,99271.50855997304,211735.2644785147
2020-08-21,159359.6951037263,101466.75169044937,217135.07288041225
2020-08-22,191944.7074380243,132276.8137148727,253296.0275888706
2020-08-23,241339.8630835566,181749.1716799137,300896.6608180139
2020-08-24,259386.54792634732,197086.7215305057,318625.8341239584
2020-08-25,190009.20310137165,132332.1770596637,246373.19771466134
2020-08-26,130384.93750248995,70977.9760782038,187776.65828533197
2020-08-27,145450.85398759932,82551.03232620031,207574.60901046632
2020-08-28,149682.07315968056,86377.6316260725,207575.86294213112
2020-08-29,181317.24338416083,125722.83611654649,241243.07980193474
2020-08-30,229862.1228984064,165876.19710607038,286404.23167380516
2020-08-31,247143.49104004336,183221.77962965987,302901.6140785179
2020-09-01,177063.47441000954,119167.23193872548,234957.11902703586
2020-09-02,116882.31116533969,59033.812828442824,174942.2309521618
2020-09-03,131594.4672950822,74274.69394701847,190891.38158512206
2020-09-04,135623.01941145782,74124.21878601747,197751.16875263944
2020-09-05,167238.23585582108,107517.63427100818,229733.88629580574
2020-09-06,215939.41485319712,155812.03991007316,274543.02780706604
2020-09-07,233516.55508184346,170274.5608053174,296739.35578381876
2020-09-08,163825.7138860634,101800.39598425462,222519.42981215505
2020-09-09,104185.54949580478,41300.314565494446,162007.90224780006
2020-09-10,119622.88787903135,62363.45122681122,175105.25292467116
2020-09-11,124484.14096073863,67247.17554945634,180560.35472582316
2020-09-12,157047.63193659694,94591.55996380997,216900.25486839988
2020-09-13,206784.33990270746,147511.84592743652,266179.83659082704
2020-09-14,225427.9384741649,168263.35754411842,281224.02394682
2020-09-15,156771.7349359903,98343.62664867904,218142.72920666882
2020-09-16,98179.462835004,37069.1959739805,160155.73777899786
2020-09-17,114700.68076679899,56540.13934134365,172152.8176936264
2020-09-18,120599.50409875393,63108.12917946896,178947.8568982071
2020-09-19,154160.8399301278,99640.60617156814,211539.16245114667
2020-09-20,204830.084798248,144451.59766778472,269458.1684505234
2020-09-21,224291.45631288347,165019.17299295054,285077.98081583454
2020-09-22,156286.31729784835,98670.09903286211,218078.11135341768
2020-09-23,98237.90619379966,34849.85503752237,160105.16179725918
2020-09-24,115236.14639455378,56006.601258901246,173717.59349884465
2020-09-25,121483.17238158098,58531.87969178914,181037.27340868075
2020-09-26,155292.87171150016,95936.09005100699,215539.9007190518
2020-09-27,206108.8665130219,142980.002561193,268712.7677378612
2020-09-28,225590.42128901274,165585.82629826738,281931.86029510986
2020-09-29,157451.40845880288,98855.63967687788,216854.96166541768
2020-09-30,99198.22817942906,39291.85947541453,165669.3190616249
2020-10-01,115983.29749359125,57843.70253669572,173809.6383024783
2020-10-02,121966.6800910784,62778.96623506789,179601.40614910523
2020-10-03,155508.30597970766,96569.94145053547,214593.52266991607
2020-10-04,206063.68890577572,145110.4963042296,266237.0424850476
2020-10-05,225276.96188524726,164460.06337482546,284261.57044361794
2020-10-06,156840.15045277937,98171.05113023844,217004.1476868606
2020-10-07,98344.07511335066,36317.223630313,157187.13655473865
2020-10-08,115000.44903194148,54697.21274013852,174235.9491073187
2020-10-09,120919.68037253384,60617.33740288831,185612.94729626377
2020-10-10,154495.97945037423,96967.6518940614,212382.71140258518
2020-10-11,205181.15912485443,147711.3108748359,263628.0131785207
2020-10-12,224585.27459409283,163287.20953301332,284801.03445372864
2020-10-13,156356.79855239522,97135.36265960838,213411.43064625195
2020-10-14,98147.20256714858,42098.78376461872,157734.84505800172
2020-10-15,115202.44269201031,56705.77608153777,174941.63960544296
2020-10-16,121557.77496553955,64923.338238394164,177627.3891898347
2020-10-17,155616.62756666588,97818.78653448686,215874.40733082138
2020-10-18,206803.3727217932,145249.84275435517,267451.29732378776
2020-10-19,226672.44342197577,167542.55959475113,282690.16214736225
2020-10-20,158810.2401793008,98054.64906973625,216320.2011021629
2020-10-21,100914.15151548492,42005.52922190512,157203.52424574347
2020-10-22,118254.09303429542,56684.2238842163,177794.19106898707
2020-10-23,124784.88392021779,67038.73431876753,189867.62030688918
2020-10-24,158919.29404039696,94219.95550847854,221180.5638649108
2020-10-25,210060.04269566663,148518.45154561277,272220.97085688694
2020-10-26,229717.48030908927,168944.37350612853,289972.0232862764
2020-10-27,161433.13938638344,101300.37900343254,215844.15024606747
2020-10-28,102972.92797812153,44018.2942856549,166085.06738525454
2020-10-29,119658.27909005358,65304.55219828829,180187.27350612116
2020-10-30,125395.4749778971,63646.1982141215,184454.47771948372
2020-10-31,158642.09789085525,99311.18307571039,215068.0522986971
2020-11-01,208817.34309254293,149907.3318576627,270761.4829666195
2020-11-02,227427.2330292587,163974.33562371408,285332.8849147357
2020-11-03,158008.68545010916,97781.43369404977,213830.33803810558
2020-11-04,98435.6870341122,38370.25335111814,154768.9282541962
2020-11-05,114118.8260378944,57147.43139223678,169422.94779737375
2020-11-06,118950.33637471512,59822.76718055098,177222.4686547181
2020-11-07,151462.75745598064,87917.01465922988,211692.6639377595
2020-11-08,201116.4348919832,143657.81497720536,263616.2471447244
2020-11-09,219431.24212426043,163448.49926819478,280304.83353517466
2020-11-10,149950.2741094711,92551.43989549477,207474.83500867354
2020-11-11,90658.27205105053,32864.6049577233,150695.4633650356
2020-11-12,107048.9983479496,47583.11919924514,165364.443986463
2020-11-13,112985.66885468889,50382.87337658474,171603.01526180812
2020-11-14,147051.71578301332,84292.02599367373,203977.76479828564
2020-11-15,198715.606242816,141109.56450837656,259359.87671571926
2020-11-16,219469.44236568207,160342.86728270163,284312.2102248518
2020-11-17,152812.89084621155,91348.76383825579,212334.15258784255
2020-11-18,96784.70041154567,39331.2631048887,154882.3011441896
2020-11-19,116898.97780620617,60982.03813518523,177449.0097196107
2020-11-20,126922.26381483272,66176.48308763884,183557.14797383526
2020-11-21,165417.82571609886,109142.8522655945,227213.84405432295
2020-11-22,221789.3600629629,160354.09531765364,279872.8885518697
2020-11-23,247428.14219368645,192101.5355349561,309278.3326641001
2020-11-24,185718.92805895323,124300.37307910048,242652.99605237227
2020-11-25,134686.324795402,77052.95984851368,194735.88575201007
2020-11-26,159801.7088544501,100392.72329021894,217584.3692554829
2020-11-27,174678.6239175569,118185.45532457247,231790.33612147623
2020-11-28,217812.17492513644,160723.1412292642,275656.84734354593
2020-11-29,278503.0395842597,214349.15413141146,334416.78301184525
2020-11-30,308014.4055903999,242480.46660827595,368206.8427534045
2020-12-01,249600.86208551493,188290.91659576423,310170.26879614213
2020-12-02,201270.389675493,142356.55990126054,255371.30011927892
2020-12-03,228462.41161505337,168060.99500960595,286518.7308406054
2020-12-04,244661.71100540488,184218.34267274264,305227.598985381
2020-12-05,288332.81905200356,231319.29668628116,348619.4269266499
2020-12-06,348723.919268214,287325.76006777765,412510.1831879779
2020-12-07,377032.8512167785,320986.68391261133,435069.54573947116
2020-12-08,316457.976272514,259533.62488500727,381740.1633638351
2020-12-09,265074.49596203974,207080.5446672857,326286.12598269916
2020-12-10,288382.09460215183,228351.62712083675,346909.72595935105
2020-12-11,299835.6154370558,237931.7047534439,360017.61627674336
2020-12-12,337972.5014997103,280416.98577303335,398968.61503185367
2020-12-13,392094.51193563413,333706.7020725899,452251.6443374489
2020-12-14,413440.61893620313,353825.1552930104,470512.9687126505
2020-12-15,345257.6307148141,283472.5883095676,397809.43027487234
2020-12-16,285788.6279037196,230522.00063020553,344846.5202927644
2020-12-17,300688.0451916396,239832.59249460636,359335.2776050578
2020-12-18,303467.06186120136,245990.8878044829,360526.1825521262
2020-12-19,332812.2066707057,269747.20425190893,394972.80218101095
2020-12-20,378143.1984103379,317758.7654955662,435816.91928069806
2020-12-21,390791.2891989334,331995.78518692806,447291.80162400496
2020-12-22,314088.4738599233,254219.09845457072,373103.75223450095
2020-12-23,246467.17825365864,189564.44475771714,305370.59727068775
2020-12-24,253742.24014081582,192377.29110580325,312424.97495909623
2020-12-25,249470.81479486034,188402.63853711807,307812.79270592873
2020-12-26,272462.29116261104,212776.60845055484,328153.8222826742
2020-12-27,312212.74852078955,253340.37584368986,372426.52784819005
2020-12-28,320089.5725278189,257982.0618584075,379841.0210386786
2020-12-29,239440.3939602717,181308.2628505916,298673.58324031864
2020-12-30,168805.46308093003,106401.26632808217,228369.47254273834
2020-12-31,174068.22269017991,112355.38458819689,234951.58167612157
2021-01-01,168731.64226832543,111759.32056074934,229937.48139648337
2021-01-02,191621.53582667172,135159.75959716793,249573.25844791566
2021-01-03,232199.85438997427,172020.49292415357,292344.4430343252
2021-01-04,241757.87323349336,186101.42257293776,299771.5633669729
2021-01-05,163547.1847619373,104656.5368022318,222474.8890180034
2021-01-06,96107.05722836962,33649.682324278496,153034.40349112224
2021-01-07,105285.81979255345,46690.435823437,163658.02168947074
2021-01-08,104435.7165410338,45222.859279857745,165390.66136179338
2021-01-09,132311.54217238326,72867.51702618804,192512.8282056065
2021-01-10,178264.4688717005,118000.9849509418,236522.73633212864
2021-01-11,193445.24870878202,131371.7461686145,252607.34493745965
2021-01-12,120958.4192488513,58228.163643204425,179727.36052033294
2021-01-13,59305.49597506767,416.33773713042297,116525.78897317984
2021-01-14,74277.69306207438,18189.920191419413,128644.59354372602
2021-01-15,79069.48675784914,19086.474245033958,137558.8478749585
2021-01-16,112372.4235340073,47617.62383250302,170204.2433318288
2021-01-17,163449.00841384084,103498.09295471394,222498.21084362225
2021-01-18,183345.13698270716,126320.5809739616,239428.1345724529
2021-01-19,115066.43777419612,55297.26278281089,178565.65731267814
2021-01-20,57135.960862112406,-1464.1977416895181,115479.21899925993
2021-01-21,75356.6699592296,18227.71052434941,137344.3144249097
2021-01-22,82841.96358885591,21740.7447744616,144935.5162855977
2021-01-23,118302.76058754147,61210.91784347537,179660.23001958354
2021-01-24,170999.45771641372,116391.7789880907,230517.32733284953
2021-01-25,191961.55022588393,132485.02385023813,255261.1667683273
2021-01-26,124184.0697286105,66898.04255964396,184525.59433016626
2021-01-27,66297.77539518128,3846.1599432923977,123938.58922238142
2021-01-28,84199.51762264366,24014.157975086513,147119.09328098735
2021-01-29,90997.95416729373,29672.937905763967,150281.88930178402
2021-01-30,125492.3262292348,67227.91692727059,186185.69957506444
2021-01-31,177001.1088812732,115793.99234279028,236587.37709464747
2021-02-01,196587.6826107182,135980.6411340431,256722.48034934895
2021-02-02,127275.99030390619,67551.73669783924,182517.583900631
2021-02-03,67832.63145101428,7464.122173143222,130601.9474010955
2021-02-04,84264.78315221725,31675.74427355316,144961.18328518973
2021-02-05,89681.08380052188,26528.210561129432,148227.13415540234
2021-02-06,122962.35361559433,63233.671147230874,181952.35696716153
2021-02-07,173467.4607061156,115552.89287352879,230593.02358856972
2021-02-08,192265.8166846668,135325.06236057472,252071.6763722269
2021-02-09,122373.25170242724,58573.18959180322,181516.85615394474
2021-02-10,62647.20694802986,3209.288879177449,120389.15756116607
2021-02-11,79153.57088173322,15109.452734173221,136355.94427286004
2021-02-12,84944.21393684368,23319.306575695235,146048.46407887698
2021-02-13,118921.22316900713,57696.92105252442,173590.97486269102
2021-02-14,170421.59916181842,109931.80385578098,227813.85460849118
2021-02-15,190458.1955571865,132110.9397572192,249422.63553521672
2021-02-16,121977.39648157806,64821.38990846562,179189.01274477836
2021-02-17,63868.91782221437,7759.606248447623,125500.48053708977
2021-02-18,82202.95966249781,16574.080259126044,137315.98851998837
2021-02-19,89925.6513485193,30795.184209270126,150094.3931743327
2021-02-20,125917.89014411657,65086.124309290135,185071.47948767114
2021-02-21,179459.76647152606,119101.61044163548,237348.86851042314
2021-02-22,201480.63487204284,143620.33280990942,263516.3196326621
2021-02-23,134839.05947845706,74462.98479170691,192735.86580694528
2021-02-24,78447.46184289444,23822.092439738775,144160.36327495854
2021-02-25,98379.59934317635,39121.298796708776,160242.14290040004
2021-02-26,107483.70799685987,41952.21622478565,167365.89147836092
2021-02-27,144635.52123405857,81141.93857431016,200566.81354526198
2021-02-28,199081.8044843935,135764.66697501115,256824.80285725938
2021-03-01,221698.7641954433,164669.74752121273,284659.6324036244
2021-03-02,155293.31820617322,94104.83017507827,213474.09377044518
2021-03-03,98841.52499934785,37895.83482189605,154599.09441451298
2021-03-04,118465.23113589027,67310.85805784876,179779.78408949295
2021-03-05,126961.69479818994,65901.44094262131,190113.06224366464
2021-03-06,163249.5400038461,104533.6441755555,223343.93402435535
2021-03-07,216590.16048980848,157659.72715741003,274131.2823378612
2021-03-08,237853.26266593835,175123.5991531162,301059.6519316344
2021-03-09,169838.32224461602,111461.49673169488,229145.45790610154
2021-03-10,111625.74882145794,48597.65562928273,172699.16111133998
2021-03-11,129421.7727665749,72601.76067923207,190084.06490497274
2021-03-12,136003.75678093397,77854.098148468,195845.39206060613
2021-03-13,170358.44595865833,109651.51454366684,233288.88615109635
2021-03-14,221780.76638987235,161350.804074745,281722.13859804097
2021-03-15,241146.19981858172,179244.74326478186,301061.3246896051
2021-03-16,171252.29934774808,111034.27921184541,231078.34748316824
2021-03-17,111282.63536781422,50409.97516954843,168219.97189188044
2021-03-18,127520.13488117907,75779.50824749218,191131.69144292022
2021-03-19,132708.45067520367,73571.38755822291,188152.92367960562
2021-03-20,165883.019419837,106555.17074859879,224694.8571664264
2021-03-21,216347.8924926642,157022.40773634703,272783.5643983766
2021-03-22,234955.68520204307,175670.0300217747,300116.62717077666
2021-03-23,164469.9777463162,104897.02363007533,222540.95493292308
2021-03-24,104142.92849909005,45071.60913893488,164984.62278852653
2021-03-25,120297.98732804676,60799.351315037886,180166.25140485802
2021-03-26,125608.25508587461,64996.42722737543,188430.07367840223
2021-03-27,159121.2696849449,99675.90014251356,220181.7501260238
2021-03-28,210114.7535326818,152658.01139111674,267235.7081185327
2021-03-29,229384.96504106215,169958.49098824547,290427.79339043703
2021-03-30,159630.7369363589,102962.32828150122,220628.67793767666
2021-03-31,100145.41701669373,46890.93631067415,154318.0947243873
